"title","r_month"
Inception,2022-03-01
The Dark Knight,2022-03-01
Forrest Gump,2022-03-01
Avatar,2022-03-01
The Matrix,2022-03-01
Titanic,2022-03-01
The Godfather,2022-03-01
Pulp Fiction,2022-03-01
The Shawshank Redemption,2022-03-01
Gladiator,2022-03-01
Braveheart,2022-03-01
The Lion King,2022-03-01
Die Hard,2022-03-01
Toy Story,2022-03-01
The Departed,2022-03-01
The Prestige,2022-03-01
Memento,2022-03-01
Se7en,2022-03-01
Up,2022-03-01
Mad Max: Fury Road,2022-03-01
Coco,2022-03-01
Finding Nemo,2022-03-01
The Incredibles,2022-03-01
"Monsters, Inc.",2022-03-01
The Avengers,2022-03-01
Jurassic Park,2022-03-01
Back to the Future,2022-03-01
The Social Network,2022-03-01
Parasite,2022-03-01
Joker,2022-03-01
